case_id,slide_id,time,label
PrimaryTumor_HE_001,PrimaryTumor_HE_001,2258,living
PrimaryTumor_HE_002,PrimaryTumor_HE_002,1753,living
PrimaryTumor_HE_004,PrimaryTumor_HE_004,2996,living
PrimaryTumor_HE_009,PrimaryTumor_HE_009,1617,living
PrimaryTumor_HE_010,PrimaryTumor_HE_010,1462,living
PrimaryTumor_HE_011,PrimaryTumor_HE_011,1785,living
PrimaryTumor_HE_014,PrimaryTumor_HE_014,1843,living
PrimaryTumor_HE_016,PrimaryTumor_HE_016,336,deceased
PrimaryTumor_HE_018,PrimaryTumor_HE_018,2794,living
PrimaryTumor_HE_020,PrimaryTumor_HE_020,2610,living
PrimaryTumor_HE_022,PrimaryTumor_HE_022,4670,living
PrimaryTumor_HE_024,PrimaryTumor_HE_024,1552,living
PrimaryTumor_HE_025,PrimaryTumor_HE_025,3284,living
PrimaryTumor_HE_026,PrimaryTumor_HE_026,2442,living
PrimaryTumor_HE_028,PrimaryTumor_HE_028,2688,living
PrimaryTumor_HE_030,PrimaryTumor_HE_030,2490,living
PrimaryTumor_HE_031,PrimaryTumor_HE_031,4032,living
PrimaryTumor_HE_032,PrimaryTumor_HE_032,1679,living
PrimaryTumor_HE_033,PrimaryTumor_HE_033,3023,living
PrimaryTumor_HE_034,PrimaryTumor_HE_034,1924,living
PrimaryTumor_HE_036,PrimaryTumor_HE_036,2337,living
PrimaryTumor_HE_036,PrimaryTumor_HE_036_a,2337,living
PrimaryTumor_HE_038,PrimaryTumor_HE_038,2932,living
PrimaryTumor_HE_039,PrimaryTumor_HE_039,471,deceased
PrimaryTumor_HE_040,PrimaryTumor_HE_040,556,deceased
PrimaryTumor_HE_042,PrimaryTumor_HE_042,1821,living
PrimaryTumor_HE_043,PrimaryTumor_HE_043,2309,living
PrimaryTumor_HE_045,PrimaryTumor_HE_045,3187,living
PrimaryTumor_HE_047,PrimaryTumor_HE_047,4228,living
PrimaryTumor_HE_048,PrimaryTumor_HE_048,255,deceased
PrimaryTumor_HE_050,PrimaryTumor_HE_050,1782,living
PrimaryTumor_HE_051,PrimaryTumor_HE_051,1476,living
PrimaryTumor_HE_053,PrimaryTumor_HE_053,4260,living
PrimaryTumor_HE_056,PrimaryTumor_HE_056,375,deceased
PrimaryTumor_HE_057,PrimaryTumor_HE_057,1854,living
PrimaryTumor_HE_058,PrimaryTumor_HE_058,153,deceased
PrimaryTumor_HE_059,PrimaryTumor_HE_059,4006,living
PrimaryTumor_HE_061,PrimaryTumor_HE_061,161,deceased
PrimaryTumor_HE_066,PrimaryTumor_HE_066,358,deceased
PrimaryTumor_HE_071,PrimaryTumor_HE_071,718,deceased
PrimaryTumor_HE_072,PrimaryTumor_HE_072,2511,living
PrimaryTumor_HE_073,PrimaryTumor_HE_073,3232,living
PrimaryTumor_HE_074,PrimaryTumor_HE_074,2219,living
PrimaryTumor_HE_075,PrimaryTumor_HE_075,2442,living
PrimaryTumor_HE_077,PrimaryTumor_HE_077,2575,living
PrimaryTumor_HE_081,PrimaryTumor_HE_081,980,deceased
PrimaryTumor_HE_086,PrimaryTumor_HE_086,2079,living
PrimaryTumor_HE_088,PrimaryTumor_HE_088,105,deceased
PrimaryTumor_HE_093,PrimaryTumor_HE_093,3722,living
PrimaryTumor_HE_095,PrimaryTumor_HE_095,4233,living
PrimaryTumor_HE_101,PrimaryTumor_HE_101,604,deceased
PrimaryTumor_HE_102,PrimaryTumor_HE_102,1830,living
PrimaryTumor_HE_103,PrimaryTumor_HE_103,752,deceased
PrimaryTumor_HE_104,PrimaryTumor_HE_104,677,deceased
PrimaryTumor_HE_105,PrimaryTumor_HE_105,2702,living
PrimaryTumor_HE_109,PrimaryTumor_HE_109,1870,living
PrimaryTumor_HE_112,PrimaryTumor_HE_112,3287,living
PrimaryTumor_HE_113,PrimaryTumor_HE_113,102,deceased
PrimaryTumor_HE_115,PrimaryTumor_HE_115,2267,living
PrimaryTumor_HE_118,PrimaryTumor_HE_118,64,deceased
PrimaryTumor_HE_119,PrimaryTumor_HE_119,2984,living
PrimaryTumor_HE_121,PrimaryTumor_HE_121,3204,living
PrimaryTumor_HE_122,PrimaryTumor_HE_122,2829,living
PrimaryTumor_HE_124,PrimaryTumor_HE_124,1463,living
PrimaryTumor_HE_127,PrimaryTumor_HE_127,2396,living
PrimaryTumor_HE_128,PrimaryTumor_HE_128,2970,living
PrimaryTumor_HE_130,PrimaryTumor_HE_130,1945,living
PrimaryTumor_HE_133,PrimaryTumor_HE_133,549,deceased
PrimaryTumor_HE_138,PrimaryTumor_HE_138,2186,living
PrimaryTumor_HE_140,PrimaryTumor_HE_140,1931,living
PrimaryTumor_HE_142,PrimaryTumor_HE_142,2739,living
PrimaryTumor_HE_146,PrimaryTumor_HE_146,1484,living
PrimaryTumor_HE_147,PrimaryTumor_HE_147,191,deceased
PrimaryTumor_HE_149,PrimaryTumor_HE_149,1806,living
PrimaryTumor_HE_152,PrimaryTumor_HE_152,1526,living
PrimaryTumor_HE_154,PrimaryTumor_HE_154,449,deceased
PrimaryTumor_HE_155,PrimaryTumor_HE_155,1484,living
PrimaryTumor_HE_159,PrimaryTumor_HE_159,1760,living
PrimaryTumor_HE_160,PrimaryTumor_HE_160,4234,living
PrimaryTumor_HE_162,PrimaryTumor_HE_162,1896,living
PrimaryTumor_HE_165,PrimaryTumor_HE_165,3766,living
PrimaryTumor_HE_170,PrimaryTumor_HE_170,398,deceased
PrimaryTumor_HE_172,PrimaryTumor_HE_172,1504,living
PrimaryTumor_HE_176,PrimaryTumor_HE_176,706,deceased
PrimaryTumor_HE_179,PrimaryTumor_HE_179,2275,living
PrimaryTumor_HE_181,PrimaryTumor_HE_181,612,deceased
PrimaryTumor_HE_182,PrimaryTumor_HE_182,2442,living
PrimaryTumor_HE_187,PrimaryTumor_HE_187,1520,living
PrimaryTumor_HE_188,PrimaryTumor_HE_188,318,deceased
PrimaryTumor_HE_189,PrimaryTumor_HE_189,1896,living
PrimaryTumor_HE_194,PrimaryTumor_HE_194,2379,living
PrimaryTumor_HE_200,PrimaryTumor_HE_200,1799,living
PrimaryTumor_HE_205,PrimaryTumor_HE_205,2311,living
PrimaryTumor_HE_206,PrimaryTumor_HE_206,2366,living
PrimaryTumor_HE_209,PrimaryTumor_HE_209,2679,living
PrimaryTumor_HE_211,PrimaryTumor_HE_211,1183,deceased
PrimaryTumor_HE_212,PrimaryTumor_HE_212,2174,living
PrimaryTumor_HE_214,PrimaryTumor_HE_214,15,deceased
PrimaryTumor_HE_215,PrimaryTumor_HE_215,3043,living
PrimaryTumor_HE_218,PrimaryTumor_HE_218,229,deceased
PrimaryTumor_HE_221,PrimaryTumor_HE_221,2533,living
PrimaryTumor_HE_222,PrimaryTumor_HE_222,3788,living
PrimaryTumor_HE_228,PrimaryTumor_HE_228,29,deceased
PrimaryTumor_HE_229,PrimaryTumor_HE_229,3629,living
PrimaryTumor_HE_231,PrimaryTumor_HE_231,72,deceased
PrimaryTumor_HE_234,PrimaryTumor_HE_234,54,deceased
PrimaryTumor_HE_238,PrimaryTumor_HE_238,2472,living
PrimaryTumor_HE_244,PrimaryTumor_HE_244,2030,living
PrimaryTumor_HE_245,PrimaryTumor_HE_245,1629,living
PrimaryTumor_HE_246,PrimaryTumor_HE_246,3024,living
PrimaryTumor_HE_248,PrimaryTumor_HE_248,1958,living
PrimaryTumor_HE_249,PrimaryTumor_HE_249,1551,living
PrimaryTumor_HE_250,PrimaryTumor_HE_250,78,deceased
PrimaryTumor_HE_251,PrimaryTumor_HE_251,4145,living
PrimaryTumor_HE_251,PrimaryTumor_HE_251_a,4145,living
PrimaryTumor_HE_252,PrimaryTumor_HE_252,1631,living
PrimaryTumor_HE_253,PrimaryTumor_HE_253,244,deceased
PrimaryTumor_HE_254,PrimaryTumor_HE_254,2331,living
PrimaryTumor_HE_256,PrimaryTumor_HE_256,1610,living
PrimaryTumor_HE_257,PrimaryTumor_HE_257,2249,living
PrimaryTumor_HE_258,PrimaryTumor_HE_258,2064,living
PrimaryTumor_HE_261,PrimaryTumor_HE_261,3423,living
PrimaryTumor_HE_262,PrimaryTumor_HE_262,3197,living
PrimaryTumor_HE_263,PrimaryTumor_HE_263,802,deceased
PrimaryTumor_HE_264,PrimaryTumor_HE_264,78,deceased
PrimaryTumor_HE_269,PrimaryTumor_HE_269,1716,living
PrimaryTumor_HE_271,PrimaryTumor_HE_271,1832,living
PrimaryTumor_HE_274,PrimaryTumor_HE_274,1745,living
PrimaryTumor_HE_275,PrimaryTumor_HE_275,1818,living
PrimaryTumor_HE_276,PrimaryTumor_HE_276,1888,living
PrimaryTumor_HE_278,PrimaryTumor_HE_278,633,deceased
PrimaryTumor_HE_279,PrimaryTumor_HE_279,2308,living
PrimaryTumor_HE_283,PrimaryTumor_HE_283,4097,living
PrimaryTumor_HE_285,PrimaryTumor_HE_285,2086,living
PrimaryTumor_HE_286,PrimaryTumor_HE_286,2919,living
PrimaryTumor_HE_287,PrimaryTumor_HE_287,368,deceased
PrimaryTumor_HE_290,PrimaryTumor_HE_290,2824,living
PrimaryTumor_HE_293,PrimaryTumor_HE_293,2682,living
PrimaryTumor_HE_294,PrimaryTumor_HE_294,2135,living
PrimaryTumor_HE_297,PrimaryTumor_HE_297,127,deceased
PrimaryTumor_HE_298,PrimaryTumor_HE_298,170,deceased
PrimaryTumor_HE_301,PrimaryTumor_HE_301,335,deceased
PrimaryTumor_HE_304,PrimaryTumor_HE_304,2076,living
PrimaryTumor_HE_306,PrimaryTumor_HE_306,2773,living
PrimaryTumor_HE_307,PrimaryTumor_HE_307,3325,living
PrimaryTumor_HE_311,PrimaryTumor_HE_311,1574,living
PrimaryTumor_HE_312,PrimaryTumor_HE_312,478,deceased
PrimaryTumor_HE_314,PrimaryTumor_HE_314,1080,deceased
PrimaryTumor_HE_315,PrimaryTumor_HE_315,1679,living
PrimaryTumor_HE_316,PrimaryTumor_HE_316,827,deceased
PrimaryTumor_HE_317,PrimaryTumor_HE_317,1838,living
PrimaryTumor_HE_319,PrimaryTumor_HE_319,2608,living
PrimaryTumor_HE_321,PrimaryTumor_HE_321,4963,living
PrimaryTumor_HE_322,PrimaryTumor_HE_322,1941,living
PrimaryTumor_HE_324,PrimaryTumor_HE_324,708,deceased
PrimaryTumor_HE_325,PrimaryTumor_HE_325,1147,deceased
PrimaryTumor_HE_326,PrimaryTumor_HE_326,838,deceased
PrimaryTumor_HE_331,PrimaryTumor_HE_331,3046,living
PrimaryTumor_HE_333,PrimaryTumor_HE_333,999,deceased
PrimaryTumor_HE_334,PrimaryTumor_HE_334,645,deceased
PrimaryTumor_HE_336,PrimaryTumor_HE_336,1901,living
PrimaryTumor_HE_337,PrimaryTumor_HE_337,1828,living
PrimaryTumor_HE_338,PrimaryTumor_HE_338,1547,living
PrimaryTumor_HE_339,PrimaryTumor_HE_339,1629,living
PrimaryTumor_HE_340,PrimaryTumor_HE_340,1753,living
PrimaryTumor_HE_343,PrimaryTumor_HE_343,2254,living
PrimaryTumor_HE_344,PrimaryTumor_HE_344,2330,living
PrimaryTumor_HE_346,PrimaryTumor_HE_346,1479,living
PrimaryTumor_HE_347,PrimaryTumor_HE_347,1838,living
PrimaryTumor_HE_349,PrimaryTumor_HE_349,796,deceased
PrimaryTumor_HE_350,PrimaryTumor_HE_350,3007,living
PrimaryTumor_HE_353,PrimaryTumor_HE_353,2233,living
PrimaryTumor_HE_356,PrimaryTumor_HE_356,1521,living
PrimaryTumor_HE_357,PrimaryTumor_HE_357,1680,living
PrimaryTumor_HE_358,PrimaryTumor_HE_358,2372,living
PrimaryTumor_HE_360,PrimaryTumor_HE_360,1612,living
PrimaryTumor_HE_361,PrimaryTumor_HE_361,1553,living
PrimaryTumor_HE_362,PrimaryTumor_HE_362,2494,living
PrimaryTumor_HE_363,PrimaryTumor_HE_363,1699,living
PrimaryTumor_HE_364,PrimaryTumor_HE_364,2845,living
PrimaryTumor_HE_366,PrimaryTumor_HE_366,2612,living
PrimaryTumor_HE_367,PrimaryTumor_HE_367,2217,living
PrimaryTumor_HE_368,PrimaryTumor_HE_368,1748,living
PrimaryTumor_HE_369,PrimaryTumor_HE_369,3760,living
PrimaryTumor_HE_370,PrimaryTumor_HE_370,1797,living
PrimaryTumor_HE_371,PrimaryTumor_HE_371,3751,living
PrimaryTumor_HE_372,PrimaryTumor_HE_372,2475,living
PrimaryTumor_HE_379,PrimaryTumor_HE_379,106,deceased
PrimaryTumor_HE_381,PrimaryTumor_HE_381,1177,deceased
PrimaryTumor_HE_383,PrimaryTumor_HE_383,1479,living
PrimaryTumor_HE_384,PrimaryTumor_HE_384,291,deceased
PrimaryTumor_HE_385,PrimaryTumor_HE_385,562,deceased
PrimaryTumor_HE_389,PrimaryTumor_HE_389,3088,living
PrimaryTumor_HE_390,PrimaryTumor_HE_390,1751,living
PrimaryTumor_HE_391,PrimaryTumor_HE_391,1072,deceased
PrimaryTumor_HE_393,PrimaryTumor_HE_393,2499,living
PrimaryTumor_HE_396,PrimaryTumor_HE_396,2737,living
PrimaryTumor_HE_397,PrimaryTumor_HE_397,2149,living
PrimaryTumor_HE_398,PrimaryTumor_HE_398,2578,living
PrimaryTumor_HE_399,PrimaryTumor_HE_399,113,deceased
PrimaryTumor_HE_402,PrimaryTumor_HE_402,2728,living
PrimaryTumor_HE_403,PrimaryTumor_HE_403,842,deceased
PrimaryTumor_HE_409,PrimaryTumor_HE_409,1676,living
PrimaryTumor_HE_410,PrimaryTumor_HE_410,2911,living
PrimaryTumor_HE_411,PrimaryTumor_HE_411,2428,living
PrimaryTumor_HE_412,PrimaryTumor_HE_412,2436,living
PrimaryTumor_HE_413,PrimaryTumor_HE_413,2789,living
PrimaryTumor_HE_415,PrimaryTumor_HE_415,705,deceased
PrimaryTumor_HE_417,PrimaryTumor_HE_417,145,deceased
PrimaryTumor_HE_418,PrimaryTumor_HE_418,548,deceased
PrimaryTumor_HE_419,PrimaryTumor_HE_419,2669,living
PrimaryTumor_HE_420,PrimaryTumor_HE_420,2853,living
PrimaryTumor_HE_421,PrimaryTumor_HE_421,891,deceased
PrimaryTumor_HE_423,PrimaryTumor_HE_423,3037,living
PrimaryTumor_HE_427,PrimaryTumor_HE_427,2810,living
PrimaryTumor_HE_429,PrimaryTumor_HE_429,1835,living
PrimaryTumor_HE_430,PrimaryTumor_HE_430,1720,living
PrimaryTumor_HE_433,PrimaryTumor_HE_433,2194,living
PrimaryTumor_HE_434,PrimaryTumor_HE_434,1418,deceased
PrimaryTumor_HE_435,PrimaryTumor_HE_435,413,deceased
PrimaryTumor_HE_436,PrimaryTumor_HE_436,515,deceased
PrimaryTumor_HE_437,PrimaryTumor_HE_437,1684,living
PrimaryTumor_HE_441,PrimaryTumor_HE_441,2807,living
PrimaryTumor_HE_443,PrimaryTumor_HE_443,2744,living
PrimaryTumor_HE_444,PrimaryTumor_HE_444,2038,living
PrimaryTumor_HE_447,PrimaryTumor_HE_447,1641,living
PrimaryTumor_HE_452,PrimaryTumor_HE_452,2695,living
PrimaryTumor_HE_453,PrimaryTumor_HE_453,2310,living
PrimaryTumor_HE_454,PrimaryTumor_HE_454,3053,living
PrimaryTumor_HE_461,PrimaryTumor_HE_461,2751,living
PrimaryTumor_HE_462,PrimaryTumor_HE_462,2169,living
PrimaryTumor_HE_464,PrimaryTumor_HE_464,2147,living
PrimaryTumor_HE_465,PrimaryTumor_HE_465,1955,living
PrimaryTumor_HE_466,PrimaryTumor_HE_466,692,deceased
PrimaryTumor_HE_467,PrimaryTumor_HE_467,2260,living
PrimaryTumor_HE_468,PrimaryTumor_HE_468,1873,living
PrimaryTumor_HE_469,PrimaryTumor_HE_469,1496,living
PrimaryTumor_HE_470,PrimaryTumor_HE_470,2996,living
PrimaryTumor_HE_472,PrimaryTumor_HE_472,1771,living
PrimaryTumor_HE_475,PrimaryTumor_HE_475,3275,living
PrimaryTumor_HE_478,PrimaryTumor_HE_478,1673,living
PrimaryTumor_HE_479,PrimaryTumor_HE_479,2040,living
PrimaryTumor_HE_482,PrimaryTumor_HE_482,3222,living
PrimaryTumor_HE_483,PrimaryTumor_HE_483,4118,living
PrimaryTumor_HE_485,PrimaryTumor_HE_485,2512,living
PrimaryTumor_HE_488,PrimaryTumor_HE_488,2584,living
PrimaryTumor_HE_490,PrimaryTumor_HE_490,1494,living
PrimaryTumor_HE_492,PrimaryTumor_HE_492,3124,living
PrimaryTumor_HE_493,PrimaryTumor_HE_493,1843,living
PrimaryTumor_HE_494,PrimaryTumor_HE_494,2312,living
PrimaryTumor_HE_500,PrimaryTumor_HE_500,2502,living
PrimaryTumor_HE_502,PrimaryTumor_HE_502,3077,living
PrimaryTumor_HE_503,PrimaryTumor_HE_503,1941,living
PrimaryTumor_HE_504,PrimaryTumor_HE_504,1581,living
PrimaryTumor_HE_506,PrimaryTumor_HE_506,1711,living
PrimaryTumor_HE_509,PrimaryTumor_HE_509,3337,living
PrimaryTumor_HE_510,PrimaryTumor_HE_510,454,deceased
PrimaryTumor_HE_512,PrimaryTumor_HE_512,103,deceased
PrimaryTumor_HE_521,PrimaryTumor_HE_521,133,deceased
PrimaryTumor_HE_525,PrimaryTumor_HE_525,1675,living
PrimaryTumor_HE_528,PrimaryTumor_HE_528,3178,living
PrimaryTumor_HE_531,PrimaryTumor_HE_531,2578,living
PrimaryTumor_HE_532,PrimaryTumor_HE_532,3232,living
PrimaryTumor_HE_534,PrimaryTumor_HE_534,2455,living
PrimaryTumor_HE_543,PrimaryTumor_HE_543,2055,living
PrimaryTumor_HE_545,PrimaryTumor_HE_545,2400,living
PrimaryTumor_HE_547,PrimaryTumor_HE_547,2540,living
PrimaryTumor_HE_551,PrimaryTumor_HE_551,1543,living
PrimaryTumor_HE_552,PrimaryTumor_HE_552,4515,living
PrimaryTumor_HE_553,PrimaryTumor_HE_553,2326,living
PrimaryTumor_HE_554,PrimaryTumor_HE_554,256,deceased
PrimaryTumor_HE_555,PrimaryTumor_HE_555,642,deceased
PrimaryTumor_HE_560,PrimaryTumor_HE_560,3549,living
PrimaryTumor_HE_563,PrimaryTumor_HE_563,1885,living
PrimaryTumor_HE_565,PrimaryTumor_HE_565,1798,living
PrimaryTumor_HE_567,PrimaryTumor_HE_567,2876,living
PrimaryTumor_HE_568,PrimaryTumor_HE_568,2786,living
PrimaryTumor_HE_572,PrimaryTumor_HE_572,2771,living
PrimaryTumor_HE_573,PrimaryTumor_HE_573,955,deceased
PrimaryTumor_HE_575,PrimaryTumor_HE_575,3486,living
PrimaryTumor_HE_577,PrimaryTumor_HE_577,3031,living
PrimaryTumor_HE_579,PrimaryTumor_HE_579,694,deceased
PrimaryTumor_HE_580,PrimaryTumor_HE_580,1735,living
PrimaryTumor_HE_581,PrimaryTumor_HE_581,1771,living
PrimaryTumor_HE_582,PrimaryTumor_HE_582,2569,living
PrimaryTumor_HE_590,PrimaryTumor_HE_590,3973,living
PrimaryTumor_HE_599,PrimaryTumor_HE_599,2693,living
PrimaryTumor_HE_600,PrimaryTumor_HE_600,3198,living
PrimaryTumor_HE_601,PrimaryTumor_HE_601,3017,living
PrimaryTumor_HE_604,PrimaryTumor_HE_604,584,deceased
PrimaryTumor_HE_607,PrimaryTumor_HE_607,1522,living
PrimaryTumor_HE_608,PrimaryTumor_HE_608,2379,living
PrimaryTumor_HE_609,PrimaryTumor_HE_609,3571,living
PrimaryTumor_HE_610,PrimaryTumor_HE_610,1498,living
PrimaryTumor_HE_611,PrimaryTumor_HE_611,2327,living
PrimaryTumor_HE_615,PrimaryTumor_HE_615,3352,living
PrimaryTumor_HE_616,PrimaryTumor_HE_616,577,deceased
PrimaryTumor_HE_618,PrimaryTumor_HE_618,2436,living
PrimaryTumor_HE_619,PrimaryTumor_HE_619,1775,living
PrimaryTumor_HE_622,PrimaryTumor_HE_622,3716,living
PrimaryTumor_HE_623,PrimaryTumor_HE_623,2861,living
PrimaryTumor_HE_624,PrimaryTumor_HE_624,2640,living
PrimaryTumor_HE_625,PrimaryTumor_HE_625,374,deceased
PrimaryTumor_HE_627,PrimaryTumor_HE_627,2463,living
PrimaryTumor_HE_628,PrimaryTumor_HE_628,3302,living
PrimaryTumor_HE_630,PrimaryTumor_HE_630,3073,living
PrimaryTumor_HE_631,PrimaryTumor_HE_631,707,deceased
PrimaryTumor_HE_632,PrimaryTumor_HE_632,2163,living
PrimaryTumor_HE_634,PrimaryTumor_HE_634,2569,living
PrimaryTumor_HE_636,PrimaryTumor_HE_636,3202,living
PrimaryTumor_HE_638,PrimaryTumor_HE_638,2901,living
PrimaryTumor_HE_641,PrimaryTumor_HE_641,2913,living
PrimaryTumor_HE_643,PrimaryTumor_HE_643,540,deceased
PrimaryTumor_HE_645,PrimaryTumor_HE_645,379,deceased
PrimaryTumor_HE_646,PrimaryTumor_HE_646,3517,living
PrimaryTumor_HE_647,PrimaryTumor_HE_647,1747,living
PrimaryTumor_HE_652,PrimaryTumor_HE_652,3169,living
PrimaryTumor_HE_653,PrimaryTumor_HE_653,2959,living
PrimaryTumor_HE_657,PrimaryTumor_HE_657,2366,living
PrimaryTumor_HE_658,PrimaryTumor_HE_658,1706,living
PrimaryTumor_HE_660,PrimaryTumor_HE_660,2605,living
PrimaryTumor_HE_661,PrimaryTumor_HE_661,3600,living
PrimaryTumor_HE_662,PrimaryTumor_HE_662,857,deceased
PrimaryTumor_HE_663,PrimaryTumor_HE_663,1803,living
PrimaryTumor_HE_667,PrimaryTumor_HE_667,728,deceased
PrimaryTumor_HE_669,PrimaryTumor_HE_669,2383,living
PrimaryTumor_HE_670,PrimaryTumor_HE_670,1805,living
PrimaryTumor_HE_671,PrimaryTumor_HE_671,890,deceased
PrimaryTumor_HE_672,PrimaryTumor_HE_672,866,deceased
PrimaryTumor_HE_680,PrimaryTumor_HE_680,408,deceased
PrimaryTumor_HE_684,PrimaryTumor_HE_684,1651,living
PrimaryTumor_HE_687,PrimaryTumor_HE_687,1540,living
PrimaryTumor_HE_689,PrimaryTumor_HE_689,2625,living
PrimaryTumor_HE_691,PrimaryTumor_HE_691,1669,living
PrimaryTumor_HE_693,PrimaryTumor_HE_693,3085,living
PrimaryTumor_HE_698,PrimaryTumor_HE_698,1834,living
PrimaryTumor_HE_700,PrimaryTumor_HE_700,1492,living
PrimaryTumor_HE_701,PrimaryTumor_HE_701,1582,living
PrimaryTumor_HE_702,PrimaryTumor_HE_702,2282,living
PrimaryTumor_HE_704,PrimaryTumor_HE_704,1626,living
PrimaryTumor_HE_705,PrimaryTumor_HE_705,2106,living
PrimaryTumor_HE_706,PrimaryTumor_HE_706,1517,living
PrimaryTumor_HE_707,PrimaryTumor_HE_707,1784,living
PrimaryTumor_HE_709,PrimaryTumor_HE_709,424,deceased
PrimaryTumor_HE_711,PrimaryTumor_HE_711,1914,living
PrimaryTumor_HE_712,PrimaryTumor_HE_712,2189,living
PrimaryTumor_HE_713,PrimaryTumor_HE_713,2107,living
PrimaryTumor_HE_714,PrimaryTumor_HE_714,1087,deceased
PrimaryTumor_HE_716,PrimaryTumor_HE_716,2332,living
PrimaryTumor_HE_720,PrimaryTumor_HE_720,1237,deceased
PrimaryTumor_HE_721,PrimaryTumor_HE_721,1330,deceased
PrimaryTumor_HE_722,PrimaryTumor_HE_722,605,deceased
PrimaryTumor_HE_724,PrimaryTumor_HE_724,1276,deceased
PrimaryTumor_HE_726,PrimaryTumor_HE_726,1988,living
PrimaryTumor_HE_727,PrimaryTumor_HE_727,788,deceased
PrimaryTumor_HE_733,PrimaryTumor_HE_733,5163,living
PrimaryTumor_HE_734,PrimaryTumor_HE_734,1576,living
PrimaryTumor_HE_735,PrimaryTumor_HE_735,372,deceased
PrimaryTumor_HE_736,PrimaryTumor_HE_736,1667,living
PrimaryTumor_HE_738,PrimaryTumor_HE_738,1967,living
PrimaryTumor_HE_740,PrimaryTumor_HE_740,537,deceased
PrimaryTumor_HE_745,PrimaryTumor_HE_745,1855,living
PrimaryTumor_HE_746,PrimaryTumor_HE_746,1646,living
PrimaryTumor_HE_747,PrimaryTumor_HE_747,1654,living
PrimaryTumor_HE_752,PrimaryTumor_HE_752,2848,living
PrimaryTumor_HE_758,PrimaryTumor_HE_758,3253,living
PrimaryTumor_HE_760,PrimaryTumor_HE_760,484,deceased
PrimaryTumor_HE_761,PrimaryTumor_HE_761,1082,deceased
PrimaryTumor_HE_762,PrimaryTumor_HE_762,1644,living
PrimaryTumor_HE_763,PrimaryTumor_HE_763,1689,living